base,index,mut_rate,base non-pairing probability
A,1,0.0,0.3845828722495155
C,2,0.0,0.299727993980189
C,6,0.0001610435622835977,0.031782335025256736
C,7,8.050233456770246e-05,0.003507528142297378
A,11,0.0004827419744146754,0.006625512077373719
C,13,0.014137681741505342,0.9984830185009105
C,14,0.008834631756485424,0.9984769280568775
C,16,0.035499156694241425,0.9999712699821696
A,17,0.029877118303750703,0.9999818163695862
A,18,0.03372681281618887,0.9956623751015249
C,21,0.02288237655560016,0.0017329300844337592
A,23,0.02537133681252509,0.0013772934685377658
C,26,0.025277821255282516,0.957116973740144
C,28,0.025144463532719038,0.95505005580595
C,32,0.023953958624980558,0.9442592755812557
C,34,0.03486295519838497,0.9931732537054819
C,38,0.024006814837760397,0.9875364237313489
C,40,0.037461300309597524,0.9897852207248125
C,43,0.022493622941949447,0.981697137882444
C,45,0.03516500502357214,0.989887780894083
C,48,0.025272432181776026,0.9899552564820312
C,50,0.02866857275326482,0.9981478358068449
C,52,0.026236125126135216,0.9984365577435274
C,54,0.03053375806075674,0.6778966479081451
C,56,0.0352172899012672,0.6577172494203173
C,59,0.020393866272281465,0.6577877374985166
C,60,0.03856663283628699,0.6620744874499132
C,61,0.007733770799156316,0.02796961967884104
A,65,0.003063869903370257,0.001003912239218252
A,67,0.004234241431652952,0.00104445721992652
A,69,0.0054715159317669775,0.0010386312520502816
C,71,0.003985717844390933,4.9230272417544185e-05
A,72,0.007766828127609821,0.0033717934192886156
C,75,0.01933066507706719,0.9983515761868736
A,79,0.0021743069396629824,0.0005146021340651785
A,81,0.0009352787130564908,0.0010435932562367078
A,83,0.0024108003857280617,0.0010436030506751903
A,85,0.0028370181960477403,0.0005327206104270843
C,86,0.0021769245992479713,4.7376023607603734e-05
A,87,0.0028132221440771627,0.0015757117005914534
C,93,0.0023013698630136984,0.008722309731647004
A,97,0.003367003367003367,0.0010034182631912802
A,99,0.0022742779167614284,0.0010444083469808296
A,101,0.0029239766081871343,0.0010386018537333896
C,103,0.00282845424975251,4.922797304596216e-05
A,104,0.007238149304569968,0.0033717934270841576
C,107,0.035859465737514515,0.9983515761901223
A,111,0.004853654949257244,0.0005146034646640318
A,113,0.0016240956739997047,0.001043596685765702
A,115,0.0023855673177277472,0.0010436686495541858
A,117,0.0032968679754233478,0.0005358606558589774
C,118,0.0021027335536197055,0.00010018573348402615
A,119,0.0058734939759036145,0.004440879026441302
C,123,0.028056112224448898,0.9898952896264032
C,124,0.02193727792368299,0.981067320114511
C,127,0.017412935323383085,0.9316865982300883
C,131,0.028304870335230867,0.9158501748597573
C,135,0.03292181069958848,0.9843224041288839
C,136,0.020754406193378355,0.9095727353510396
C,139,0.03026294030097569,0.9017332385076133
C,140,0.01689021361152509,0.6403518230989715
C,143,0.018760469011725293,0.6800655508586513
C,144,0.018785642401878563,0.523058917380238
C,147,0.022252191503708697,0.6292887823239572
C,148,0.007593655079311508,0.5889344282280965
C,151,0.021399456521739132,0.757338495029787
C,152,0.020836891545687446,0.9180798582321593
A,155,0.023711891602781244,0.5523044305001782
A,157,0.025253456221198158,0.4087358843179578
C,159,0.04162760172510782,0.9999883012875024
A,162,0.005421103581800581,0.0035032344660949066
A,163,0.011462988148435983,0.01278085262687223
A,165,0.06941176470588235,0.5013785310984096
C,167,0.0,0.2867504549405693
